<?xml version="1.0" encoding="UTF-8"?>
<access>
    <types>
        <item>
            <item_name>procedure</item_name>
            <item_mode>permissions</item_mode>
            <permissions>
                <publish>
                    <role>bumanager</role>
                    <roles>
                        <role>administrator</role>
                        <role>author</role>
                        <role>autheur</role>
                        <role>editor</role>
                        <role>bumanager</role>
                    </roles>
                </publish>
                <delete_any>
                    <role>autheur</role>
                    <roles>
                        <role>administrator</role>
                        <role>autheur</role>
                        <role>editor</role>
                    </roles>
                </delete_any>
                <edit_any>
                    <role>autheur</role>
                    <roles>
                        <role>administrator</role>
                        <role>autheur</role>
                        <role>editor</role>
                    </roles>
                </edit_any>
                <delete_own>
                    <role>bumanager</role>
                    <roles>
                        <role>administrator</role>
                        <role>author</role>
                        <role>contributor</role>
                        <role>autheur</role>
                        <role>editor</role>
                        <role>bumanager</role>
                    </roles>
                </delete_own>
                <edit_own>
                    <role>bumanager</role>
                    <roles>
                        <role>administrator</role>
                        <role>author</role>
                        <role>contributor</role>
                        <role>autheur</role>
                        <role>editor</role>
                        <role>bumanager</role>
                    </roles>
                </edit_own>
                <read_private>
                    <role>autheur</role>
                    <roles>
                        <role>administrator</role>
                        <role>author</role>
                        <role>contributor</role>
                        <role>subscriber</role>
                        <role>autheur</role>
                    </roles>
                </read_private>
                <read>
                    <role>guest</role>
                    <roles>
                        <role>administrator</role>
                        <role>author</role>
                        <role>contributor</role>
                        <role>subscriber</role>
                        <role>autheur</role>
                        <role>editor</role>
                        <role>bumanager</role>
                        <role>guest</role>
                    </roles>
                </read>
            </permissions>
        </item>
        <item>
            <item_name>wpcf-custom-group-7be3f280070aed4cd6c01356422d7189</item_name>
            <item_mode>not_managed</item_mode>
            <item_title>Groupe 1</item_title>
            <permissions>
                <read>
                    <role>guest</role>
                    <roles>
                        <role>administrator</role>
                        <role>editor</role>
                        <role>author</role>
                        <role>contributor</role>
                        <role>subscriber</role>
                        <role>guest</role>
                        <role>auteur</role>
                        <role>bumanager</role>
                        <role>bumanager</role>
                    </roles>
                </read>
            </permissions>
        </item>
        <item>
            <item_name>post</item_name>
            <item_mode>permissions</item_mode>
            <permissions>
                <0>
                    <role></role>
                    <roles>
                    </roles>
                </0>
            </permissions>
        </item>
        <item>
            <item_name>page</item_name>
            <item_mode>permissions</item_mode>
            <permissions>
                <publish>
                    <role>auteur</role>
                    <roles>
                        <role>administrator</role>
                        <role>editor</role>
                        <role>auteur</role>
                        <role>bumanager</role>
                    </roles>
                </publish>
                <delete_any>
                    <role>auteur</role>
                    <roles>
                        <role>administrator</role>
                        <role>editor</role>
                        <role>auteur</role>
                        <role>bumanager</role>
                    </roles>
                </delete_any>
                <edit_any>
                    <role>auteur</role>
                    <roles>
                        <role>administrator</role>
                        <role>editor</role>
                        <role>auteur</role>
                        <role>bumanager</role>
                    </roles>
                </edit_any>
                <delete_own>
                    <role>auteur</role>
                    <roles>
                        <role>administrator</role>
                        <role>editor</role>
                        <role>contributor</role>
                        <role>auteur</role>
                        <role>bumanager</role>
                    </roles>
                </delete_own>
                <edit_own>
                    <role>auteur</role>
                    <roles>
                        <role>administrator</role>
                        <role>editor</role>
                        <role>contributor</role>
                        <role>auteur</role>
                        <role>bumanager</role>
                    </roles>
                </edit_own>
                <read_private>
                    <role>auteur</role>
                    <roles>
                        <role>administrator</role>
                        <role>auteur</role>
                        <role>bumanager</role>
                    </roles>
                </read_private>
                <read>
                    <role>guest</role>
                    <roles>
                        <role>administrator</role>
                        <role>editor</role>
                        <role>contributor</role>
                        <role>subscriber</role>
                        <role>guest</role>
                        <role>auteur</role>
                        <role>bumanager</role>
                    </roles>
                </read>
            </permissions>
        </item>
        <item>
            <item_name>pdfposter</item_name>
            <item_mode>permissions</item_mode>
            <permissions>
                <publish>
                    <role>auteur</role>
                    <roles>
                        <role>administrator</role>
                        <role>author</role>
                        <role>bumanager</role>
                        <role>auteur</role>
                        <role>editor</role>
                        <role>bumanager</role>
                    </roles>
                </publish>
                <delete_any>
                    <role>auteur</role>
                    <roles>
                        <role>administrator</role>
                        <role>author</role>
                        <role>auteur</role>
                        <role>editor</role>
                        <role>bumanager</role>
                    </roles>
                </delete_any>
                <edit_any>
                    <role>auteur</role>
                    <roles>
                        <role>administrator</role>
                        <role>author</role>
                        <role>auteur</role>
                        <role>editor</role>
                        <role>bumanager</role>
                    </roles>
                </edit_any>
                <delete_own>
                    <role>auteur</role>
                    <roles>
                        <role>administrator</role>
                        <role>author</role>
                        <role>bumanager</role>
                        <role>contributor</role>
                        <role>auteur</role>
                        <role>editor</role>
                        <role>bumanager</role>
                    </roles>
                </delete_own>
                <edit_own>
                    <role>auteur</role>
                    <roles>
                        <role>administrator</role>
                        <role>author</role>
                        <role>bumanager</role>
                        <role>contributor</role>
                        <role>auteur</role>
                        <role>editor</role>
                        <role>bumanager</role>
                    </roles>
                </edit_own>
                <read_private>
                    <role>auteur</role>
                    <roles>
                        <role>administrator</role>
                        <role>author</role>
                        <role>auteur</role>
                        <role>bumanager</role>
                    </roles>
                </read_private>
                <read>
                    <role>auteur</role>
                    <roles>
                        <role>administrator</role>
                        <role>author</role>
                        <role>bumanager</role>
                        <role>contributor</role>
                        <role>subscriber</role>
                        <role>auteur</role>
                        <role>editor</role>
                        <role>guest</role>
                        <role>bumanager</role>
                    </roles>
                </read>
            </permissions>
        </item>
        <item>
            <item_name>avada_portfolio</item_name>
            <item_mode>permissions</item_mode>
            <permissions>
                <publish>
                    <role>editor</role>
                    <roles>
                        <role>editor</role>
                    </roles>
                </publish>
                <delete_any>
                    <role>editor</role>
                    <roles>
                        <role>editor</role>
                    </roles>
                </delete_any>
                <edit_any>
                    <role>editor</role>
                    <roles>
                        <role>editor</role>
                    </roles>
                </edit_any>
                <delete_own>
                    <role>editor</role>
                    <roles>
                        <role>editor</role>
                        <role>contributor</role>
                    </roles>
                </delete_own>
                <edit_own>
                    <role>editor</role>
                    <roles>
                        <role>editor</role>
                        <role>contributor</role>
                    </roles>
                </edit_own>
                <read>
                    <role>guest</role>
                    <roles>
                        <role>editor</role>
                        <role>contributor</role>
                        <role>subscriber</role>
                        <role>guest</role>
                    </roles>
                </read>
            </permissions>
        </item>
    </types>
    <taxonomies>
        <item>
            <item_name>category</item_name>
            <item_mode>permissions</item_mode>
            <permissions>
                <assign_terms>
                    <role>bumanager</role>
                    <roles>
                        <role>administrator</role>
                        <role>contributor</role>
                        <role>autheur</role>
                        <role>author</role>
                        <role>editor</role>
                        <role>bumanager</role>
                    </roles>
                </assign_terms>
                <delete_terms>
                    <role>bumanager</role>
                    <roles>
                        <role>administrator</role>
                        <role>autheur</role>
                        <role>author</role>
                        <role>editor</role>
                        <role>bumanager</role>
                    </roles>
                </delete_terms>
                <edit_terms>
                    <role>bumanager</role>
                    <roles>
                        <role>administrator</role>
                        <role>autheur</role>
                        <role>author</role>
                        <role>editor</role>
                        <role>bumanager</role>
                    </roles>
                </edit_terms>
                <manage_terms>
                    <role>bumanager</role>
                    <roles>
                        <role>administrator</role>
                        <role>autheur</role>
                        <role>author</role>
                        <role>editor</role>
                        <role>bumanager</role>
                    </roles>
                </manage_terms>
            </permissions>
        </item>
    </taxonomies>
    <third_party>
    </third_party>
    <access_custom_roles>
        <item>
            <item_name>contributor</item_name>
            <item_title>Contributor</item_title>
            <capabilities>
                <NextGEN Attach Interface>1</NextGEN Attach Interface>
                <NextGEN Change options>1</NextGEN Change options>
                <NextGEN Change style>1</NextGEN Change style>
                <NextGEN Edit album>1</NextGEN Edit album>
                <NextGEN Gallery overview>1</NextGEN Gallery overview>
                <NextGEN Manage gallery>1</NextGEN Manage gallery>
                <NextGEN Manage others gallery>1</NextGEN Manage others gallery>
                <NextGEN Manage tags>1</NextGEN Manage tags>
                <NextGEN Upload images>1</NextGEN Upload images>
                <NextGEN Use TinyMCE>1</NextGEN Use TinyMCE>
                <activate_plugins>1</activate_plugins>
                <create_posts>1</create_posts>
                <create_sites>1</create_sites>
                <create_users>1</create_users>
                <ddl_assign_layout_to_content>1</ddl_assign_layout_to_content>
                <ddl_create_content_layout>1</ddl_create_content_layout>
                <ddl_create_layout>1</ddl_create_layout>
                <ddl_delete_content_layout>1</ddl_delete_content_layout>
                <ddl_delete_layout>1</ddl_delete_layout>
                <ddl_edit_content_layout>1</ddl_edit_content_layout>
                <ddl_edit_layout>1</ddl_edit_layout>
                <delete_elastic-sliders>1</delete_elastic-sliders>
                <delete_faqs>1</delete_faqs>
                <delete_fichier-media_s>1</delete_fichier-media_s>
                <delete_fusion-slides>1</delete_fusion-slides>
                <delete_others_elastic-sliders>1</delete_others_elastic-sliders>
                <delete_others_faqs>1</delete_others_faqs>
                <delete_others_fichier-media_s>1</delete_others_fichier-media_s>
                <delete_others_fusion-slides>1</delete_others_fusion-slides>
                <delete_others_pages>1</delete_others_pages>
                <delete_others_portfolio_s>1</delete_others_portfolio_s>
                <delete_others_posts>1</delete_others_posts>
                <delete_others_procedures>1</delete_others_procedures>
                <delete_pages>1</delete_pages>
                <delete_plugins>1</delete_plugins>
                <delete_portfolio_s>1</delete_portfolio_s>
                <delete_posts>1</delete_posts>
                <delete_private_elastic-sliders>1</delete_private_elastic-sliders>
                <delete_private_faqs>1</delete_private_faqs>
                <delete_private_fichier-media_s>1</delete_private_fichier-media_s>
                <delete_private_fusion-slides>1</delete_private_fusion-slides>
                <delete_private_pages>1</delete_private_pages>
                <delete_private_portfolio_s>1</delete_private_portfolio_s>
                <delete_private_posts>1</delete_private_posts>
                <delete_private_procedures>1</delete_private_procedures>
                <delete_procedures>1</delete_procedures>
                <delete_published_elastic-sliders>1</delete_published_elastic-sliders>
                <delete_published_faqs>1</delete_published_faqs>
                <delete_published_fichier-media_s>1</delete_published_fichier-media_s>
                <delete_published_fusion-slides>1</delete_published_fusion-slides>
                <delete_published_pages>1</delete_published_pages>
                <delete_published_portfolio_s>1</delete_published_portfolio_s>
                <delete_published_posts>1</delete_published_posts>
                <delete_published_procedures>1</delete_published_procedures>
                <delete_sites>1</delete_sites>
                <delete_themes>1</delete_themes>
                <delete_users>1</delete_users>
                <edit_dashboard>1</edit_dashboard>
                <edit_elastic-sliders>1</edit_elastic-sliders>
                <edit_faqs>1</edit_faqs>
                <edit_fichier-media_s>1</edit_fichier-media_s>
                <edit_files>1</edit_files>
                <edit_fusion-slides>1</edit_fusion-slides>
                <edit_others_elastic-sliders>1</edit_others_elastic-sliders>
                <edit_others_faqs>1</edit_others_faqs>
                <edit_others_fichier-media_s>1</edit_others_fichier-media_s>
                <edit_others_fusion-slides>1</edit_others_fusion-slides>
                <edit_others_pages>1</edit_others_pages>
                <edit_others_portfolio_s>1</edit_others_portfolio_s>
                <edit_others_posts>1</edit_others_posts>
                <edit_others_procedures>1</edit_others_procedures>
                <edit_pages>1</edit_pages>
                <edit_plugins>1</edit_plugins>
                <edit_portfolio_s>1</edit_portfolio_s>
                <edit_posts>1</edit_posts>
                <edit_private_elastic-sliders>1</edit_private_elastic-sliders>
                <edit_private_faqs>1</edit_private_faqs>
                <edit_private_fichier-media_s>1</edit_private_fichier-media_s>
                <edit_private_fusion-slides>1</edit_private_fusion-slides>
                <edit_private_pages>1</edit_private_pages>
                <edit_private_portfolio_s>1</edit_private_portfolio_s>
                <edit_private_posts>1</edit_private_posts>
                <edit_private_procedures>1</edit_private_procedures>
                <edit_procedures>1</edit_procedures>
                <edit_published_elastic-sliders>1</edit_published_elastic-sliders>
                <edit_published_faqs>1</edit_published_faqs>
                <edit_published_fichier-media_s>1</edit_published_fichier-media_s>
                <edit_published_fusion-slides>1</edit_published_fusion-slides>
                <edit_published_pages>1</edit_published_pages>
                <edit_published_portfolio_s>1</edit_published_portfolio_s>
                <edit_published_posts>1</edit_published_posts>
                <edit_published_procedures>1</edit_published_procedures>
                <edit_theme_options>1</edit_theme_options>
                <edit_themes>1</edit_themes>
                <edit_users>1</edit_users>
                <export>1</export>
                <import>1</import>
                <install_plugins>1</install_plugins>
                <install_themes>1</install_themes>
                <level_0>1</level_0>
                <level_1>1</level_1>
                <level_10>1</level_10>
                <level_2>1</level_2>
                <level_3>1</level_3>
                <level_4>1</level_4>
                <level_5>1</level_5>
                <level_6>1</level_6>
                <level_7>1</level_7>
                <level_8>1</level_8>
                <level_9>1</level_9>
                <list_users>1</list_users>
                <manage_categories>1</manage_categories>
                <manage_links>1</manage_links>
                <manage_network>1</manage_network>
                <manage_network_options>1</manage_network_options>
                <manage_network_plugins>1</manage_network_plugins>
                <manage_network_themes>1</manage_network_themes>
                <manage_network_users>1</manage_network_users>
                <manage_options>1</manage_options>
                <manage_sites>1</manage_sites>
                <moderate_comments>1</moderate_comments>
                <nextend>1</nextend>
                <nextend_config>1</nextend_config>
                <nextend_visual_delete>1</nextend_visual_delete>
                <nextend_visual_edit>1</nextend_visual_edit>
                <promote_users>1</promote_users>
                <publish_elastic-sliders>1</publish_elastic-sliders>
                <publish_faqs>1</publish_faqs>
                <publish_fichier-media_s>1</publish_fichier-media_s>
                <publish_fusion-slides>1</publish_fusion-slides>
                <publish_pages>1</publish_pages>
                <publish_portfolio_s>1</publish_portfolio_s>
                <publish_posts>1</publish_posts>
                <publish_procedures>1</publish_procedures>
                <read>1</read>
                <read_private_elastic-sliders>1</read_private_elastic-sliders>
                <read_private_faqs>1</read_private_faqs>
                <read_private_fichier-media_s>1</read_private_fichier-media_s>
                <read_private_fusion-slides>1</read_private_fusion-slides>
                <read_private_pages>1</read_private_pages>
                <read_private_portfolio_s>1</read_private_portfolio_s>
                <read_private_posts>1</read_private_posts>
                <read_private_procedures>1</read_private_procedures>
                <remove_users>1</remove_users>
                <smartslider>1</smartslider>
                <smartslider_config>1</smartslider_config>
                <smartslider_delete>1</smartslider_delete>
                <smartslider_edit>1</smartslider_edit>
                <switch_themes>1</switch_themes>
                <unfiltered_html>1</unfiltered_html>
                <unfiltered_upload>1</unfiltered_upload>
                <update_core>1</update_core>
                <update_plugins>1</update_plugins>
                <update_themes>1</update_themes>
                <upgrade_network>1</upgrade_network>
                <upload_files>1</upload_files>
                <ure_create_capabilities>1</ure_create_capabilities>
                <ure_create_roles>1</ure_create_roles>
                <ure_delete_capabilities>1</ure_delete_capabilities>
                <ure_delete_roles>1</ure_delete_roles>
                <ure_edit_roles>1</ure_edit_roles>
                <ure_manage_options>1</ure_manage_options>
                <ure_reset_roles>1</ure_reset_roles>
                <wpcf_access_role>1</wpcf_access_role>
                <wpcf_custom_field_edit>1</wpcf_custom_field_edit>
                <wpcf_custom_field_edit_others>1</wpcf_custom_field_edit_others>
                <wpcf_custom_field_view>1</wpcf_custom_field_view>
                <wpcf_custom_post_type_edit>1</wpcf_custom_post_type_edit>
                <wpcf_custom_post_type_edit_others>1</wpcf_custom_post_type_edit_others>
                <wpcf_custom_post_type_view>1</wpcf_custom_post_type_view>
                <wpcf_custom_taxonomy_edit>1</wpcf_custom_taxonomy_edit>
                <wpcf_custom_taxonomy_edit_others>1</wpcf_custom_taxonomy_edit_others>
                <wpcf_custom_taxonomy_view>1</wpcf_custom_taxonomy_view>
                <wpcf_user_meta_field_edit>1</wpcf_user_meta_field_edit>
                <wpcf_user_meta_field_edit_others>1</wpcf_user_meta_field_edit_others>
                <wpcf_user_meta_field_view>1</wpcf_user_meta_field_view>
                <edit_attachments>1</edit_attachments>
                <delete_attachments>1</delete_attachments>
                <read_others_attachments>1</read_others_attachments>
                <edit_others_attachments>1</edit_others_attachments>
                <delete_others_attachments>1</delete_others_attachments>
                <edit_users_higher_level>1</edit_users_higher_level>
                <delete_users_higher_level>1</delete_users_higher_level>
                <promote_users_higher_level>1</promote_users_higher_level>
                <promote_users_to_higher_level>1</promote_users_to_higher_level>
            </capabilities>
        </item>
        <item>
            <item_name>subscriber</item_name>
            <item_title>Subscriber</item_title>
            <capabilities>
                <NextGEN Attach Interface>1</NextGEN Attach Interface>
                <NextGEN Change options>1</NextGEN Change options>
                <NextGEN Change style>1</NextGEN Change style>
                <NextGEN Edit album>1</NextGEN Edit album>
                <NextGEN Gallery overview>1</NextGEN Gallery overview>
                <NextGEN Manage gallery>1</NextGEN Manage gallery>
                <NextGEN Manage others gallery>1</NextGEN Manage others gallery>
                <NextGEN Manage tags>1</NextGEN Manage tags>
                <NextGEN Upload images>1</NextGEN Upload images>
                <NextGEN Use TinyMCE>1</NextGEN Use TinyMCE>
                <activate_plugins>1</activate_plugins>
                <create_posts>1</create_posts>
                <create_sites>1</create_sites>
                <create_users>1</create_users>
                <ddl_assign_layout_to_content>1</ddl_assign_layout_to_content>
                <ddl_create_content_layout>1</ddl_create_content_layout>
                <ddl_create_layout>1</ddl_create_layout>
                <ddl_delete_content_layout>1</ddl_delete_content_layout>
                <ddl_delete_layout>1</ddl_delete_layout>
                <ddl_edit_content_layout>1</ddl_edit_content_layout>
                <ddl_edit_layout>1</ddl_edit_layout>
                <delete_attachments>1</delete_attachments>
                <delete_elastic-sliders>1</delete_elastic-sliders>
                <delete_faqs>1</delete_faqs>
                <delete_fichier-media_s>1</delete_fichier-media_s>
                <delete_fusion-slides>1</delete_fusion-slides>
                <delete_others_attachments>1</delete_others_attachments>
                <delete_others_elastic-sliders>1</delete_others_elastic-sliders>
                <delete_others_faqs>1</delete_others_faqs>
                <delete_others_fichier-media_s>1</delete_others_fichier-media_s>
                <delete_others_fusion-slides>1</delete_others_fusion-slides>
                <delete_others_pages>1</delete_others_pages>
                <delete_others_portfolio_s>1</delete_others_portfolio_s>
                <delete_others_posts>1</delete_others_posts>
                <delete_others_procedures>1</delete_others_procedures>
                <delete_pages>1</delete_pages>
                <delete_plugins>1</delete_plugins>
                <delete_portfolio_s>1</delete_portfolio_s>
                <delete_posts>1</delete_posts>
                <delete_private_elastic-sliders>1</delete_private_elastic-sliders>
                <delete_private_faqs>1</delete_private_faqs>
                <delete_private_fichier-media_s>1</delete_private_fichier-media_s>
                <delete_private_fusion-slides>1</delete_private_fusion-slides>
                <delete_private_pages>1</delete_private_pages>
                <delete_private_portfolio_s>1</delete_private_portfolio_s>
                <delete_private_posts>1</delete_private_posts>
                <delete_private_procedures>1</delete_private_procedures>
                <delete_procedures>1</delete_procedures>
                <delete_published_elastic-sliders>1</delete_published_elastic-sliders>
                <delete_published_faqs>1</delete_published_faqs>
                <delete_published_fichier-media_s>1</delete_published_fichier-media_s>
                <delete_published_fusion-slides>1</delete_published_fusion-slides>
                <delete_published_pages>1</delete_published_pages>
                <delete_published_portfolio_s>1</delete_published_portfolio_s>
                <delete_published_posts>1</delete_published_posts>
                <delete_published_procedures>1</delete_published_procedures>
                <delete_sites>1</delete_sites>
                <delete_themes>1</delete_themes>
                <delete_users>1</delete_users>
                <delete_users_higher_level>1</delete_users_higher_level>
                <edit_attachments>1</edit_attachments>
                <edit_dashboard>1</edit_dashboard>
                <edit_elastic-sliders>1</edit_elastic-sliders>
                <edit_faqs>1</edit_faqs>
                <edit_fichier-media_s>1</edit_fichier-media_s>
                <edit_files>1</edit_files>
                <edit_fusion-slides>1</edit_fusion-slides>
                <edit_others_attachments>1</edit_others_attachments>
                <edit_others_elastic-sliders>1</edit_others_elastic-sliders>
                <edit_others_faqs>1</edit_others_faqs>
                <edit_others_fichier-media_s>1</edit_others_fichier-media_s>
                <edit_others_fusion-slides>1</edit_others_fusion-slides>
                <edit_others_pages>1</edit_others_pages>
                <edit_others_portfolio_s>1</edit_others_portfolio_s>
                <edit_others_posts>1</edit_others_posts>
                <edit_others_procedures>1</edit_others_procedures>
                <edit_pages>1</edit_pages>
                <edit_plugins>1</edit_plugins>
                <edit_portfolio_s>1</edit_portfolio_s>
                <edit_posts>1</edit_posts>
                <edit_private_elastic-sliders>1</edit_private_elastic-sliders>
                <edit_private_faqs>1</edit_private_faqs>
                <edit_private_fichier-media_s>1</edit_private_fichier-media_s>
                <edit_private_fusion-slides>1</edit_private_fusion-slides>
                <edit_private_pages>1</edit_private_pages>
                <edit_private_portfolio_s>1</edit_private_portfolio_s>
                <edit_private_posts>1</edit_private_posts>
                <edit_private_procedures>1</edit_private_procedures>
                <edit_procedures>1</edit_procedures>
                <edit_published_elastic-sliders>1</edit_published_elastic-sliders>
                <edit_published_faqs>1</edit_published_faqs>
                <edit_published_fichier-media_s>1</edit_published_fichier-media_s>
                <edit_published_fusion-slides>1</edit_published_fusion-slides>
                <edit_published_pages>1</edit_published_pages>
                <edit_published_portfolio_s>1</edit_published_portfolio_s>
                <edit_published_posts>1</edit_published_posts>
                <edit_published_procedures>1</edit_published_procedures>
                <edit_theme_options>1</edit_theme_options>
                <edit_themes>1</edit_themes>
                <edit_users>1</edit_users>
                <edit_users_higher_level>1</edit_users_higher_level>
                <export>1</export>
                <import>1</import>
                <install_plugins>1</install_plugins>
                <install_themes>1</install_themes>
                <level_0>1</level_0>
                <level_1>1</level_1>
                <level_10>1</level_10>
                <level_2>1</level_2>
                <level_3>1</level_3>
                <level_4>1</level_4>
                <level_5>1</level_5>
                <level_6>1</level_6>
                <level_7>1</level_7>
                <level_8>1</level_8>
                <level_9>1</level_9>
                <list_users>1</list_users>
                <manage_categories>1</manage_categories>
                <manage_links>1</manage_links>
                <manage_network>1</manage_network>
                <manage_network_options>1</manage_network_options>
                <manage_network_plugins>1</manage_network_plugins>
                <manage_network_themes>1</manage_network_themes>
                <manage_network_users>1</manage_network_users>
                <manage_options>1</manage_options>
                <manage_sites>1</manage_sites>
                <moderate_comments>1</moderate_comments>
                <nextend>1</nextend>
                <nextend_config>1</nextend_config>
                <nextend_visual_delete>1</nextend_visual_delete>
                <nextend_visual_edit>1</nextend_visual_edit>
                <promote_users>1</promote_users>
                <promote_users_higher_level>1</promote_users_higher_level>
                <promote_users_to_higher_level>1</promote_users_to_higher_level>
                <publish_elastic-sliders>1</publish_elastic-sliders>
                <publish_faqs>1</publish_faqs>
                <publish_fichier-media_s>1</publish_fichier-media_s>
                <publish_fusion-slides>1</publish_fusion-slides>
                <publish_pages>1</publish_pages>
                <publish_portfolio_s>1</publish_portfolio_s>
                <publish_posts>1</publish_posts>
                <publish_procedures>1</publish_procedures>
                <read>1</read>
                <read_others_attachments>1</read_others_attachments>
                <read_private_elastic-sliders>1</read_private_elastic-sliders>
                <read_private_faqs>1</read_private_faqs>
                <read_private_fichier-media_s>1</read_private_fichier-media_s>
                <read_private_fusion-slides>1</read_private_fusion-slides>
                <read_private_pages>1</read_private_pages>
                <read_private_portfolio_s>1</read_private_portfolio_s>
                <read_private_posts>1</read_private_posts>
                <read_private_procedures>1</read_private_procedures>
                <remove_users>1</remove_users>
                <smartslider>1</smartslider>
                <smartslider_config>1</smartslider_config>
                <smartslider_delete>1</smartslider_delete>
                <smartslider_edit>1</smartslider_edit>
                <switch_themes>1</switch_themes>
                <unfiltered_html>1</unfiltered_html>
                <unfiltered_upload>1</unfiltered_upload>
                <update_core>1</update_core>
                <update_plugins>1</update_plugins>
                <update_themes>1</update_themes>
                <upgrade_network>1</upgrade_network>
                <upload_files>1</upload_files>
                <ure_create_capabilities>1</ure_create_capabilities>
                <ure_create_roles>1</ure_create_roles>
                <ure_delete_capabilities>1</ure_delete_capabilities>
                <ure_delete_roles>1</ure_delete_roles>
                <ure_edit_roles>1</ure_edit_roles>
                <ure_manage_options>1</ure_manage_options>
                <ure_reset_roles>1</ure_reset_roles>
                <wpcf_access_role>1</wpcf_access_role>
                <wpcf_custom_field_edit>1</wpcf_custom_field_edit>
                <wpcf_custom_field_edit_others>1</wpcf_custom_field_edit_others>
                <wpcf_custom_field_view>1</wpcf_custom_field_view>
                <wpcf_custom_post_type_edit>1</wpcf_custom_post_type_edit>
                <wpcf_custom_post_type_edit_others>1</wpcf_custom_post_type_edit_others>
                <wpcf_custom_post_type_view>1</wpcf_custom_post_type_view>
                <wpcf_custom_taxonomy_edit>1</wpcf_custom_taxonomy_edit>
                <wpcf_custom_taxonomy_edit_others>1</wpcf_custom_taxonomy_edit_others>
                <wpcf_custom_taxonomy_view>1</wpcf_custom_taxonomy_view>
                <wpcf_user_meta_field_edit>1</wpcf_user_meta_field_edit>
                <wpcf_user_meta_field_edit_others>1</wpcf_user_meta_field_edit_others>
                <wpcf_user_meta_field_view>1</wpcf_user_meta_field_view>
            </capabilities>
        </item>
    </access_custom_roles>
</access>